OTU_No,RAL_882,RAL_176,RAL_321,RAL_350,RAL_584,RAL_855,RAL_852,RAL_443,RAL_843,RAL_332,RAL_360,RAL_819,RAL_45,RAL_195,RAL_73,RAL_787,RAL_801,RAL_367,RAL_861,RAL_737,RAL_393,RAL_441,RAL_319,RAL_913,RAL_28,RAL_409,RAL_554,RAL_712,RAL_149,RAL_398,RAL_783,RAL_340,RAL_181,RAL_235,RAL_857,RAL_750,RAL_776,RAL_837,RAL_771,RAL_304,RAL_796,RAL_492,RAL_377,RAL_513,RAL_83,RAL_808,RAL_514,RAL_810,RAL_358,RAL_805,RAL_272,RAL_908,RAL_849,RAL_59,RAL_907,RAL_105,RAL_109,RAL_380,RAL_642,RAL_237,RAL_161,RAL_374,RAL_738,RAL_850,RAL_884,RAL_399,RAL_897,RAL_385,RAL_352,RAL_440,RAL_879,RAL_427,TAXA
otu_1,0,0,130,0,161,0,0,28,0,0,0,0,0,0,0,0,104,40,55,0,114,148,0,0,0,104,0,80,0,0,121,522,0,165,0,370,0,0,85,272,102,0,27,159,10,0,0,0,37,105,154,15,57,0,0,0,5,322,25,0,35,74,0,0,96,17,0,0,0,113,50,0,Root; c__TM7-3; o__EW055; f__; g__; s__
otu_2,0,3312,0,37,2623,0,1112,0,2059,32,0,3984,0,0,972,0,0,5822,0,8,6,0,0,1153,299,3344,0,559,0,0,977,676,0,54,0,1257,0,0,2980,226,0,0,2928,0,0,3101,0,4052,0,0,5022,4213,0,0,48,0,0,49,26,399,595,1,0,56,0,53,0,7,2,535,773,42,Root; c__Sphingobacteria; o__Sphingobacteriales; f__Sphingobacteriaceae; g__Sphingobacterium; s__
otu_3,3893,12865,0,51,2606,0,39,0,0,0,788,0,2589,0,22,93,117,178,0,19,0,84,841,19,0,6,0,103,0,130,157,0,932,0,0,99,97,0,66,0,12,0,0,39,0,0,2029,98,380,1182,6824,42,565,35,0,12,952,50,20,0,119,23,0,0,0,0,1560,4093,21,0,0,909,Root; c__Sphingobacteria; o__Sphingobacteriales; f__Sphingobacteriaceae; g__Sphingobacterium; s__
otu_4,0,133,185,0,34,0,5,0,0,91,0,75,76,268,87,0,0,0,0,0,0,0,0,26,17,39,0,0,131,20,0,15,0,0,0,0,8,8,8,109,124,58,0,260,71,423,0,0,217,0,182,0,369,56,33,69,0,0,27,20,0,0,0,0,0,0,0,16,23,30,0,0,Root; c__Sphingobacteria; o__Sphingobacteriales; f__Sphingobacteriaceae; g__Sphingobacterium; s__
otu_5,0,0,36,0,0,0,0,27,38,0,47,56,19,16,10,16,16,8,0,3,3,0,49,0,51,0,0,10,17,45,0,0,3,48,0,0,0,3,0,0,52,5,0,0,10,0,18,0,0,0,8,0,4,0,0,16,6,0,0,0,0,0,0,39,0,0,64,0,7,0,0,0,Root; c__Sphingobacteria; o__Sphingobacteriales; f__Sphingobacteriaceae; g__Pedobacter; s__
otu_6,1,1877,103,0,0,0,336,0,0,0,0,5,22,0,22,3224,0,0,0,6114,0,0,2354,0,26,0,26,15,0,0,0,46,0,46,0,0,0,19,0,24,0,35,25,0,28,10,0,0,26,45,0,12,0,7,8,20,61,39,32,0,22,0,15,0,9,0,57,0,0,21,17,7,Root; c__Sphingobacteria; o__Sphingobacteriales; f__; g__; s__
otu_7,127,0,71,0,340,599,336,128,0,1026,3501,0,1505,0,0,372,0,0,0,989,0,181,84,0,1238,171,0,0,186,0,88,0,0,246,244,298,268,0,216,203,0,0,47,0,961,128,0,1112,401,0,0,0,102,0,1320,1706,475,218,2249,765,0,0,160,300,128,0,191,172,0,115,0,434,Root; c__Sphingobacteria; o__Sphingobacteriales; f__; g__; s__
otu_8,11,491,25,0,4,0,94,6,4,0,41,0,0,43,18,0,29,31,27,27,0,64,39,0,5691,0,61,5,0,0,61,0,0,0,0,56,5,0,3,0,116,0,0,0,0,12,0,0,64,23,0,0,0,4702,0,3,0,5,850,66,6,0,204,11,0,0,0,1246,0,37,12,0,Root; c__Sphingobacteria; o__Sphingobacteriales; f__; g__; s__
otu_9,0,36,0,0,0,1,0,0,0,46,1,0,0,0,53,32,16,22,0,0,0,26,45,0,8,24,24,0,0,0,0,0,44,0,29,100,1819,12,11,0,0,43,22,0,27,0,26,0,29,40,0,1,0,17,0,0,0,6,0,0,37,0,0,0,0,15,34,32,0,33,25,54,Root; c__Sphingobacteria; o__Sphingobacteriales; f__; g__; s__
otu_10,0,0,0,4,0,0,0,1,7,39,0,6,32,0,0,26,0,0,0,25,0,28,0,0,0,27,13,44,0,976,19,36,19,24,0,0,0,19,0,0,24,0,0,4,3,0,3,0,0,1,13,24,0,0,24,22,48,27,24,39,4000,0,13,0,0,0,0,0,0,42,33,0,Root; c__Gammaproteobacteria; o__Xanthomonadales; f__Xanthomonadaceae; g__Stenotrophomonas; s__Pseudomonasgeniculata
otu_11,0,0,0,281,104,100,32,45,30,0,588,83,231,13,1,106,0,90,26,0,0,0,35,0,0,0,36,21,0,0,5,118,40,0,0,0,56,18,0,32,60,321,49,0,0,24,129,0,64,0,0,238,67,0,290,402,207,0,0,0,3,104,44,42,38,0,71,0,45,25,2,0,Root; c__Gammaproteobacteria; o__Xanthomonadales; f__Xanthomonadaceae; g__Rhodanobacter; s__Rhodanobacterlindaniclasticus
otu_12,563,37,51,2,33,0,0,1386,0,0,1405,0,4,280,0,21,2,0,9,0,0,33,363,3,67,0,1,46,0,36,0,0,0,31,54,2,17,88,12,0,13,0,7,40,0,52,0,0,6,44,0,27,91,0,0,0,19,14,0,0,0,18,16,46,20,12,0,4,3,0,10,15,Root; c__Gammaproteobacteria; o__Xanthomonadales; f__Xanthomonadaceae; g__Rhodanobacter; s__Rhodanobacterlindaniclasticus
otu_13,0,0,0,0,0,0,0,94,123,0,3443,0,20,22,231,0,1910,0,0,19,15,45,61,0,0,0,0,0,8333,0,3229,0,0,10,2,9,639,0,0,532,71,0,0,0,2400,791,0,0,68,0,0,0,43,0,596,0,0,27,23,20,0,10,16,24,0,92,124,0,5,20,212,0,Root; c__Gammaproteobacteria; o__Xanthomonadales; f__Xanthomonadaceae; g__Rhodanobacter; s__Rhodanobacterlindaniclasticus
otu_14,32,6,0,149,0,71,0,18,0,0,0,0,0,22,0,0,44,13,38,53,0,31,11,88,0,27,55,0,0,0,0,0,14,0,13,0,0,0,0,32,0,163,0,21,102,28,6,0,0,22,0,70,0,88,0,0,0,0,206,0,0,49,0,3,32,66,55,27,0,39,51,26,Root; c__Gammaproteobacteria; o__Xanthomonadales; f__Xanthomonadaceae
otu_15,0,2,8,0,0,67,0,19,76,0,401,0,0,4,0,7,62,0,0,0,71,38,33,138,112,0,0,81,0,19,0,1,0,0,0,83,32,32,60,12,0,0,0,0,0,8,0,0,0,23,11,0,0,113,0,134,0,7,0,0,0,0,19,0,0,0,16,0,51,0,0,53,Root; c__Gammaproteobacteria; o__Xanthomonadales; f__Xanthomonadaceae
otu_16,0,7,0,0,19,3,38,15,0,0,35,0,3,0,0,0,0,1,0,1,0,0,0,13,0,18,54,0,0,0,96,38,0,0,61,48,0,36,32,0,29,0,11,6,0,6,13,14,2,13,21,17,0,0,0,0,0,0,226,13,0,0,56,0,0,0,0,0,0,0,8,49,Root; c__Gammaproteobacteria; o__Xanthomonadales; f__Xanthomonadaceae
otu_17,1,10,39,66,0,0,0,0,17,0,89,17,18,28,50,72,0,0,0,0,0,0,0,3,0,0,14,0,16,0,0,0,43,0,31,14,49,30,0,54,8,89,0,23,0,43,58,0,25,5,17,58,0,46,0,24,0,4,101,25,19,0,0,18,0,0,11,0,5,0,34,0,Root; c__Gammaproteobacteria; o__Xanthomonadales; f__Xanthomonadaceae
otu_18,0,0,144,6,47,0,0,0,31,80,0,0,4,0,27,0,29,24,16,0,36,2,0,15,43,46,55,0,77,14,0,0,69,50,0,0,15,23,0,0,0,0,0,0,33,0,38,0,0,35,24,31,2,29,0,27,17,60,20,57,2,18,0,0,0,25,0,35,18,0,15,0,Root; c__Gammaproteobacteria; o__Xanthomonadales; f__Xanthomonadaceae
otu_19,24,0,0,0,18,0,0,0,39,67,0,0,50,0,0,12,47,9,45,22,13,0,17,30,16,12,7,0,0,19,2,42,70,0,0,0,0,38,0,0,0,68,0,0,26,0,0,22,0,0,0,0,0,7,5,0,0,34,0,4,10,0,0,0,0,0,28,38,0,0,12,0,Root; c__Gammaproteobacteria; o__Xanthomonadales; f__Xanthomonadaceae
otu_20,18,5,22,12,0,14,0,0,48,0,0,7,44,0,0,38,0,0,0,21,0,31,0,14,56,48,7,51,25,0,0,21,0,16,47,0,0,0,13,0,0,77,20,5,4,0,56,0,0,0,0,0,18,55,0,16,0,37,0,0,0,0,3,8,10,0,22,0,0,0,27,0,Root; c__Gammaproteobacteria; o__Xanthomonadales; f__Xanthomonadaceae
otu_21,0,0,18,0,26,17,0,20,64,48,1,17,88,5,17,8,7,0,17,0,0,0,0,18,60,4,34,4,0,9,0,8,10,35,20,13,0,73,0,13,46,2,3,0,0,41,24,0,8,0,46,0,0,21,6,0,35,0,0,0,0,0,4,0,0,17,21,9,45,0,0,4,Root; c__Gammaproteobacteria; o__Xanthomonadales; f__Xanthomonadaceae
otu_22,0,16,12,0,0,0,0,35,0,0,22,4,44,45,0,18,7,34,24,20,0,0,0,0,0,17,33,0,8,0,72,1,0,9,27,0,148,0,0,0,0,6,0,0,21,0,19,51,25,54,0,0,22,19,0,42,307,0,66,44,0,61,41,1,26,74,0,0,0,0,26,0,Root; c__Gammaproteobacteria; o__Xanthomonadales; f__Xanthomonadaceae
otu_23,47,0,6,11,0,0,0,50,0,35,6,53,0,0,23,0,0,61,0,0,17,13,0,0,0,28,32,0,0,46,0,45,0,0,0,31,32,33,21,0,14,7,0,5,0,18,68,0,0,1,0,28,7,13,0,20,16,20,31,0,8,5,0,14,24,29,0,30,0,0,2,0,Root; c__Gammaproteobacteria; o__Xanthomonadales; f__Xanthomonadaceae
otu_24,5,0,24,0,38,24,21,14,0,46,22,0,78,10,21,0,0,0,0,67,0,0,10,12,0,40,4,30,0,0,56,0,27,13,29,2,0,17,11,13,0,0,27,0,9,34,15,0,0,8,13,0,0,0,0,6,55,0,25,60,0,0,34,14,0,25,54,0,5,0,51,0,Root; c__Gammaproteobacteria; o__Xanthomonadales; f__Xanthomonadaceae
otu_25,7,0,0,4,31,0,0,28,0,0,0,16,30,15,0,19,0,0,0,0,0,0,0,22,0,33,0,12,0,0,28,4,0,37,0,163,0,14,0,0,0,2,18,44,8,15,0,4,16,19,38,0,0,0,28,33,0,0,0,42,34,0,68,42,0,32,0,0,16,18,38,0,Root; c__Gammaproteobacteria; o__Pseudomonadales; f__Pseudomonadaceae; g__Pseudomonas
otu_26,0,4,15,40,0,0,0,0,0,44,0,0,0,10,5,10,0,3,24,0,14,26,41,3,0,0,0,8,29,0,10,5,26,0,39,9,8,42,9,0,5,0,19,0,0,23,0,9,53,0,0,8,0,0,2,0,31,28,0,0,0,59,28,0,16,0,9,0,19,46,3,3,Root; c__Gammaproteobacteria; o__Pseudomonadales; f__Moraxellaceae; g__Acinetobacter; s__Acinetobacterrhizosphaerae
otu_27,17,23,40,3,42,0,20,0,0,0,0,0,0,3,22,14,0,19,0,50,0,0,0,49,0,0,20,28,0,4,16,0,0,38,0,0,0,0,23,25,11,8,0,0,18,0,17,5,0,13,5,0,0,10,34,0,136,0,67,0,41,23,0,28,5,0,0,2,9,18,0,18,Root; c__Gammaproteobacteria; o__Pseudomonadales; f__Moraxellaceae; g__Acinetobacter; s__Acinetobacterjohnsonii
otu_28,0,0,14,35,6,0,0,0,17,0,0,91,0,7,19,0,0,6,57,0,17,0,0,0,8,0,17,0,0,0,0,6,44,0,57,29,19,0,6,0,0,2,0,30,18,49,39,76,34,0,51,1,17,54,2815,0,0,0,0,0,21,0,48,148,5,0,7,0,38,0,20,0,Root; c__Gammaproteobacteria; o__Pseudomonadales; f__Moraxellaceae; g__Acinetobacter; s__Acinetobacterjohnsonii
otu_29,4,7,0,0,0,49,6,17,0,11,84,33,0,0,0,9,0,0,0,19,0,0,0,39,45,0,0,15,13,42,58,5,34,0,0,0,0,0,57,0,0,64,0,0,57,9,22,0,7,8,0,22,0,0,6,0,0,0,0,9,0,12,0,45,0,14,37,24,18,0,12,0,Root; c__Gammaproteobacteria; o__Pseudomonadales; f__Moraxellaceae; g__Acinetobacter; s__
otu_30,0,0,1,49,0,0,24,5,36,0,0,0,30,5,0,0,19,11,0,49,0,0,0,38,0,0,9,0,2,0,26,16,1,17,0,1,34,0,22,44,42,16,1,15,0,0,0,36,0,0,0,21,16,0,0,10,0,6,0,0,3,0,25,0,8,48,0,13,0,0,0,40,Root; c__Gammaproteobacteria; o__Pseudomonadales; f__Moraxellaceae; g__Acinetobacter; s__
otu_31,0,3,0,28,9,0,0,0,2,9,0,0,48,0,2,0,0,0,0,0,50,0,0,0,0,0,0,5,0,29,11,66,46,48,0,22,4,21,0,0,0,0,0,0,0,0,3,27,0,51,44,0,20,3,0,35,0,0,0,0,54,0,18,0,0,2,0,0,0,8,32,10,Root; c__Gammaproteobacteria; o__Pseudomonadales; f__Moraxellaceae; g__Acinetobacter; s__
otu_32,0,38,24,32,8,20,0,0,0,0,26,0,43,0,0,11,0,0,42,0,0,11,0,18,0,4,47,15,0,0,54,0,11,0,0,36,0,6,21,22,29,8,38,38,8,11,10,51,27,18,31,0,9,0,5,24,28,37,0,0,10,62,3,0,3,3,0,52,0,0,0,0,Root; c__Gammaproteobacteria; o__Enterobacteriales; f__Enterobacteriaceae; g__Pantoea; s__Pantoeaananatis
otu_33,0,30,0,10,0,35,12,23,0,65,37,0,0,15,0,5,0,0,25,0,0,0,17,9,7,0,0,45,8,0,39,30,24,34,0,50,11,0,12,0,0,0,0,19,4,47,19,4,0,53,46,5,28,15,0,26,0,0,0,0,6,0,0,0,0,0,29,0,0,0,0,0,Root; c__Gammaproteobacteria; o__Enterobacteriales; f__Enterobacteriaceae; g__Enterobacter; s__Enterobacterhormaechei
otu_34,0,0,0,32,35,0,48,26,0,0,0,23,0,0,23,7,0,5,39,0,0,0,20,0,2,19,0,29,11,10,36,26,0,44,0,52,0,17,24,14,29,27,14,14,0,24,4,38,0,17,39,29,17,16,1,0,0,13,0,18,39,0,0,0,0,0,0,0,57,47,32,0,Root; c__Gammaproteobacteria; o__Enterobacteriales; f__Enterobacteriaceae
otu_35,23,22,0,8,0,0,23,29,0,8,25,0,56,0,31,0,49,3,28,0,0,0,0,0,0,0,14,0,10,55,0,8,38,52,2,0,0,23,16,0,52,0,0,0,0,17,0,7,0,54,0,0,0,16,0,27,9,2,43,0,31,42,0,0,0,27,12,26,51,10,1,0,Root; c__Gammaproteobacteria; o__Enterobacteriales; f__Enterobacteriaceae
otu_36,8,12,0,31,0,0,20,60,29,0,0,0,1,11,26,0,60,28,39,36,15,0,0,0,0,0,0,11,0,12,3,47,19,4,48,37,10,9,0,0,42,17,0,27,0,0,4,38,0,6,1,33,18,13,0,6,30,0,0,0,9,35,0,1,38,59,0,18,36,11,0,0,Root; c__Flavobacteria; o__Flavobacteriales; f__Flavobacteriaceae; g__Haloanella; s__
otu_37,0,0,43,0,0,27,60,0,37,0,0,0,61,0,0,0,27,0,31,0,43,7,30,0,0,0,14,0,16,0,0,0,0,19,0,0,6,14,3,3,13,0,0,15,0,8,0,39,0,24,0,0,0,5,0,8,0,4,25,0,11,16,23,0,0,0,0,0,11,0,32,3,Root; c__Flavobacteria; o__Flavobacteriales; f__Flavobacteriaceae; g__Chryseobacterium; s__
otu_38,0,0,18,35,0,2,18,0,0,13,0,0,0,0,42,0,0,0,0,3,0,2,0,12,38,0,7,0,0,8,22,0,21,0,18,0,0,54,0,8,30,0,0,2,0,45,40,5,0,60,15,0,0,12,0,34,47,7,48,0,0,15,0,0,0,0,31,16,35,0,0,0,Root; c__Flavobacteria; o__Flavobacteriales; f__Flavobacteriaceae; g__Chryseobacterium; s__
otu_39,0,0,0,0,115,0,8,0,0,0,2,71,24,0,3,0,8,2,0,9,0,0,0,0,0,11,0,57,0,27,13,0,0,74,0,0,107,0,28,152,35,0,13,0,6,0,0,46,0,57,66,27,0,0,0,13,17,0,12,88,2,38,0,53,53,0,42,0,54,0,12,4,Root; c__Elusimicrobia; o__Elusimicrobiales; f__; g__; s__
otu_40,5,0,19,21,0,15,20,0,4,19,0,12,0,0,0,0,0,0,0,0,20,37,0,23,0,8,7,0,32,0,0,30,2,50,20,0,0,0,34,0,49,0,36,0,5,0,16,0,0,0,9,22,0,0,34,17,0,49,49,55,0,4,12,17,0,0,0,13,37,9,0,3,Root; c__Deltaproteobacteria; o__MIZ46; f__; g__; s__
otu_41,8,21,0,42,0,0,22,0,0,0,0,0,31,13,19,18,17,16,0,0,0,17,33,27,14,0,8,0,0,0,0,0,0,9,0,0,0,36,0,17,17,1,0,28,0,0,0,0,0,14,40,0,22,25,14,23,18,41,33,9,0,0,17,0,17,56,40,0,11,40,16,0,Root; c__Deinococci; o__Thermales; f__Thermaceae; g__Thermus; s__
otu_42,0,0,0,25,0,0,0,32,0,22,0,7,0,0,0,24,0,0,10,12,0,21,0,0,30,36,0,3,26,0,6,5,0,0,0,0,36,1,8,33,36,0,27,28,41,41,0,0,0,0,0,0,0,0,17,10,11,8,29,3,0,0,0,0,53,14,9,28,0,0,0,0,Root; c__Betaproteobacteria; o__Burkholderiales; f__Oxalobacteraceae; g__Massilia; s__Massiliatimonae
otu_43,0,0,54,0,0,0,56,0,41,84,280,52,37,9,0,137,0,1,0,60,18,0,65,101,0,0,42,0,55,5,0,0,0,34,0,39,0,0,0,0,0,150,0,35,133,46,105,144,45,16,0,0,54,0,95,63,0,46,0,73,0,0,0,0,0,14,42,0,0,0,0,40,Root; c__Betaproteobacteria; o__Burkholderiales; f__Comamonadaceae; g__Delftia; s__
otu_44,0,18,0,0,14,19,13,25,0,0,0,22,26,0,9,0,0,0,11,10,4,12,19,0,27,0,37,0,0,0,0,0,0,26,16,0,37,34,29,0,0,23,0,32,38,12,0,0,17,39,4,2,36,0,0,0,0,13,0,12,26,0,0,0,23,40,4,0,55,57,42,34,Root; c__Betaproteobacteria; o__Burkholderiales; f__Comamonadaceae; g__Delftia; s__
otu_45,13,0,53,12,0,0,5,123,46,10,32,0,18,103,0,52,49,52,3,2,0,28,0,15,0,15,0,44,22,36,17,0,13,42,19,0,22,14,55,0,82,0,57,0,0,0,46,24,43,0,0,0,100,99,38,0,2,61,52,0,0,0,0,25,0,0,15,0,21,30,6,61,Root; c__Betaproteobacteria; o__Burkholderiales; f__Comamonadaceae; g__Delftia; s__
otu_46,34,0,24,30,0,2,0,22,43,0,52,48,0,0,0,17,0,0,0,0,4,0,0,0,6,0,19,0,49,0,44,56,55,0,0,19,0,0,0,90,0,81,20,73,0,27,0,142,44,0,0,0,18,0,0,0,0,31,61,0,44,0,0,27,0,5,0,49,41,0,0,0,Root; c__Betaproteobacteria; o__Burkholderiales; f__Comamonadaceae; g__Comamonas; s__
otu_47,1,0,0,45,26,0,0,0,0,46,44,8,0,3,0,0,7,15,0,0,16,0,10,0,41,49,0,0,0,0,0,0,33,13,0,3,0,0,0,0,0,15,45,2,0,0,0,36,0,0,0,31,33,7,12,12,0,0,5,27,0,0,15,0,21,10,0,0,0,0,0,21,Root; c__Betaproteobacteria; o__Burkholderiales; f__Comamonadaceae; g__Comamonas; s__
otu_48,8,0,0,23,27,0,0,0,53,0,0,0,0,0,1,20,0,0,3,5,0,0,59,0,0,47,0,4,52,25,0,36,0,0,15,11,47,29,0,53,14,67,0,0,0,2,57,0,31,38,6,15,0,0,9,0,0,0,23,0,0,39,0,20,36,8,22,0,0,25,7,0,Root; c__Betaproteobacteria; o__Burkholderiales; f__Comamonadaceae; g__Comamonas; s__
otu_49,0,5,0,64,50,0,34,35,0,42,0,14,0,0,2,0,7,0,28,7,0,0,0,68,0,7,0,0,1,0,30,0,0,0,28,0,0,6,0,0,0,0,0,68,19,49,11,0,0,0,0,11,0,26,0,0,0,51,30,32,22,29,0,4,0,0,0,0,0,32,0,0,Root; c__Betaproteobacteria; o__Burkholderiales; f__Comamonadaceae; g__Comamonas; s__
otu_50,49,43,0,40,34,41,37,34,0,0,0,0,0,0,64,0,2,51,28,11,2,26,0,16,24,0,19,24,16,0,0,23,24,0,0,0,51,0,30,0,0,32,4,0,0,0,28,0,0,0,0,15,0,0,0,33,2,0,15,0,0,12,0,0,0,0,16,0,0,0,0,0,Root; c__Betaproteobacteria; o__Burkholderiales; f__Comamonadaceae; g__Comamonas; s__
otu_51,13,0,44,33,20,12,37,19,0,0,0,0,39,0,48,40,37,21,37,0,0,0,18,3,0,0,0,34,27,17,0,0,5,7,0,5,0,0,48,0,0,0,0,0,38,0,0,0,26,10,0,11,0,0,58,0,7,0,47,39,0,0,12,0,29,0,16,0,0,2,30,45,Root; c__Betaproteobacteria; o__Burkholderiales; f__Burkholderiaceae; g__Ralstonia; s__
otu_52,0,0,0,3,0,12,0,1,57,0,19,8,50,0,0,0,0,28,9,19,0,27,0,24,12,0,0,35,0,9,3,55,0,0,0,13,0,0,6,0,0,44,46,6,0,0,36,42,0,4,0,1,9,0,17,21,0,0,36,30,0,0,0,35,64,0,0,0,17,4,0,0,Root; c__Betaproteobacteria; o__Burkholderiales; f__Burkholderiaceae; g__Cupriavidus
otu_53,29,3,59,0,0,33,14,2,0,0,0,0,30,4,0,0,20,9,1,0,0,0,27,0,0,0,4,5,26,6,0,44,19,15,11,22,0,0,21,0,0,0,19,23,3,8,0,0,9,33,0,42,0,0,0,24,15,0,0,0,0,0,0,0,0,0,0,0,22,0,12,12,Root; c__Betaproteobacteria; o__Burkholderiales; f__Burkholderiaceae; g__Burkholderia; s__Burkholderiamultivorans
otu_54,0,0,36,60,40,95,28,0,50,68,98,0,48,0,0,0,53,0,0,74,21,14,0,1,69,12,33,8,0,45,36,0,14,18,0,0,9,0,16,0,0,0,5,5,0,51,0,45,43,0,0,0,0,0,37,0,8,0,48,47,68,0,0,0,34,28,0,0,30,8,37,46,Root; c__Betaproteobacteria; o__Burkholderiales; f__Burkholderiaceae; g__Burkholderia; s__
otu_55,0,0,12,36,0,31,0,1,0,0,48,54,0,0,17,52,27,16,0,0,0,0,0,13,0,9,42,0,0,0,0,0,32,34,0,0,13,0,30,0,0,6,0,7,43,0,12,0,0,0,0,0,17,37,0,53,9,24,0,0,0,0,55,0,28,0,0,13,19,0,0,31,Root; c__Betaproteobacteria; o__Burkholderiales; f__Alcaligenaceae; g__Achromobacter; s__
otu_56,0,0,0,0,0,0,0,0,0,51,0,0,0,34,1815,0,0,0,0,17401,18634,11832,20430,0,42,6302,0,7891,16677,5935,0,0,0,24226,0,36181,19929,9035,15666,0,8494,0,0,0,0,0,0,5,7,5474,0,14,4,38,0,19,32,26001,19,0,33,0,0,12896,0,0,0,0,12719,0,3438,0,Root; c__Betaproteobacteria; o__Burkholderiales; f__Alcaligenaceae; g__Achromobacter
otu_57,16,0,6,18,0,6,0,46,36,58,13,2,3,0,0,47,0,0,0,7,0,0,0,7,13,17,0,13,0,4,0,0,9,39,0,0,0,12,20,43,20,0,0,51,3,8,3,27,33,42,36,0,0,24,0,12,0,25,13,17,0,4,3,0,20,15,0,25,0,0,24,44,Root; c__Betaproteobacteria; o__Burkholderiales; f__Alcaligenaceae; g__Achromobacter
otu_58,0,29,0,0,10,68,30,3,0,45,1,31,35,0,22,13,0,21,28,47,3,26,0,0,0,19,1,57,4,0,3,0,0,0,1,0,0,15,0,6,16,0,0,13,0,0,0,6,4,0,65,0,13,0,0,55,0,0,0,0,3,0,0,0,55,37,0,0,0,0,0,11,Root; c__Betaproteobacteria; o__Burkholderiales; f__; g__Aquabacterium; s__
otu_59,32,0,52,0,0,0,31,11,29,0,13,0,8,0,0,45,7,53,7,0,28,0,25,0,57,3,0,19,4,0,0,38,0,52,0,30,0,43,36,0,0,0,0,11,0,18,26,33,5,0,15,0,26,20,0,13,0,0,0,22,40,17,0,0,0,0,5,0,0,8,48,17,Root; c__Betaproteobacteria; o__Burkholderiales; f__
otu_60,0,9,0,0,0,0,13,0,2,39,2,12,0,0,26,35,44,0,0,22,0,13,41,0,0,44,0,0,0,15,35,26,0,0,0,52,28,0,0,6,0,9,0,33,10,0,0,0,0,0,6,0,43,11,0,0,3,0,45,0,0,0,0,3,6,0,1,0,0,42,0,0,Root; c__Betaproteobacteria; o__Burkholderiales; f__
otu_61,0,0,60,0,0,5,51,0,0,18,27,13,19,0,0,0,0,14,0,24,4,24,0,0,0,101,130,25,108,20,0,0,0,0,39,0,0,0,37,0,0,13,0,0,9,0,0,26,0,0,12,14,68,0,0,29,0,0,4,1,0,0,69,8,11,34,29,40,0,20,27,32,Root; c__Bacteroidia; o__Bacteroidales; f__Bacteroidaceae; g__Bacteroides
otu_62,21,0,39,36,0,0,0,0,0,29,0,0,0,4,26,31,30,29,20,0,0,20,14,23,0,0,39,9,0,25,62,10,16,27,13,0,0,36,10,0,2,0,2,37,31,32,14,34,24,8,13,0,10,0,4,2,30,38,3,2,0,0,54,53,0,6,32,0,15,0,0,49,Root; c__Bacilli; o__Lactobacillales; f__Lactobacillaceae; g__Lactobacillus; s__Lactobacilluspentosus
otu_63,0,6,33,0,32,8,0,60,15,0,0,0,73,0,5,0,0,12,0,17,44,0,11,0,24,0,0,22,0,0,0,18,44,0,10,0,22,0,37,0,0,0,0,16,21,6,0,5,0,0,25,20,0,0,0,0,32,0,6,8,0,0,64,37,0,0,0,0,22,9,0,0,Root; c__Bacilli; o__Lactobacillales; f__Lactobacillaceae; g__Lactobacillus; s__Lactobacilluspentosus
otu_64,46,15,0,29,0,36,0,0,17,21,0,14,5,20,10,24,0,0,31,13,21,38,0,14,1,0,5,0,20,32,0,0,24,40,30,0,0,0,0,3,11,41,0,0,18,0,0,0,36,0,0,33,0,0,39,19,54,3,0,13,0,0,0,0,0,21,0,16,0,14,0,0,Root; c__Bacilli; o__Lactobacillales; f__Lactobacillaceae; g__Lactobacillus; s__Lactobacillusbrevis
otu_65,0,0,5,0,12,0,5,6,0,21,4,0,0,15,0,0,22,0,13,0,15,0,0,0,1,38,0,0,19,0,0,0,52,0,16,0,0,4,0,16,27,0,0,0,0,5,12,0,31,0,0,11,0,54,0,0,0,11,7,19,25,31,0,21,18,25,24,0,0,44,13,0,Root; c__Bacilli; o__Lactobacillales; f__Lactobacillaceae; g__Lactobacillus; s__Lactobacillusbrevis
otu_66,0,11,13,7,10,0,20,48,0,56,1,0,0,0,60,19,20,0,1,0,0,17,0,11,10,22,0,0,0,0,0,22,20,17,0,0,23,0,0,0,16,0,49,25,0,11,2,0,59,5,0,17,6,0,0,0,31,0,0,0,48,0,0,0,18,0,10,13,51,0,0,23,Root; c__Bacilli; o__Lactobacillales; f__Lactobacillaceae; g__Lactobacillus; s__Lactobacillusbrevis
otu_67,0,25,0,0,46,34,18,0,0,28,0,2,23,18,0,0,31,0,0,0,16,2,0,0,10,0,0,0,0,16,62,29,44,10,4,0,2,0,20,58,0,1,0,0,0,11,7,36,0,22,0,0,0,0,5,14,0,26,0,23,3,19,46,0,37,7,0,10,26,4,0,49,Root; c__Bacilli; o__Lactobacillales; f__Lactobacillaceae; g__Lactobacillus; s__Lactobacillusbrevis
otu_68,39,30,0,23,20,0,0,0,0,0,32,28,0,9,45,0,0,0,17,37,55,0,25,24,14,0,0,0,5,0,31,0,3,47,0,0,0,7,2,0,0,0,19,45,0,0,14,53,2,0,13,0,0,13,11,0,46,7,0,0,6,0,9,0,0,21,17,0,5,0,0,0,Root; c__Bacilli; o__Lactobacillales; f__Lactobacillaceae; g__Lactobacillus; s__Lactobacillusbrevis
otu_69,0,0,98,0,0,43,11,174,0,0,12,80,52,0,22,0,0,0,0,18,27,11,0,0,86,5,23,33,0,0,0,0,60,0,0,53,13,53,0,0,90,349,0,0,391,0,0,204,0,60,42,0,0,197,0,142,0,44,16,0,91,25,11,0,0,574,0,0,45,0,126,33,Root; c__Bacilli; o__Lactobacillales; f__Lactobacillaceae; g__Lactobacillus; s__Lactobacillusbrevis
otu_70,26,12,17,0,0,62,10,39,31,0,37,26,0,12,0,15,0,0,41,0,0,15,0,0,27,0,0,0,0,0,0,0,28,0,1,0,39,0,0,51,0,22,0,0,17,19,35,0,3,0,0,34,30,39,3,0,0,4,7,0,33,49,0,0,5,0,0,3,23,0,33,0,Root; c__Bacilli; o__Lactobacillales; f__Lactobacillaceae; g__Lactobacillus; s__Lactobacillusbrevis
otu_71,0,44,0,0,20,0,21,0,3,13,0,7,19,0,0,0,0,0,11,14,0,0,5,29,0,0,0,4,25,21,0,19,0,15,0,0,3,0,27,0,0,0,0,5,55,57,10,42,8,34,0,0,0,0,0,0,0,0,3,18,2,35,0,0,0,0,44,0,11,16,50,22,Root; c__Bacilli; o__Lactobacillales; f__Lactobacillaceae; g__Lactobacillus; s__
otu_72,39,27,0,17,52,3,6,10,0,0,44,0,0,0,1,16,42,0,0,0,0,0,0,18,28,0,42,13,0,0,0,0,6,7,0,0,7,1,10,46,0,43,3,0,0,0,33,0,0,12,0,41,31,4,0,9,0,1,0,17,0,23,58,13,7,0,53,47,0,0,0,0,Root; c__Bacilli; o__Lactobacillales; f__Lactobacillaceae; g__Lactobacillus; s__
otu_73,0,15,0,3,3,0,41,0,12,0,0,0,0,0,34,0,31,0,0,51,22,14,23,0,0,1,0,9,0,19,35,0,33,27,0,0,0,0,39,28,42,0,0,4,16,36,0,10,1,33,34,42,0,0,0,13,2,9,0,0,24,0,0,0,51,1,0,58,21,32,0,11,Root; c__Bacilli; o__Bacillales; f__Staphylococcaceae; g__Staphylococcus; s__Staphylococcushominis
otu_74,21,0,0,0,0,16,34,0,43,9,20,0,0,10,0,40,51,0,0,33,0,0,0,41,0,26,0,23,0,10,0,0,26,0,0,0,44,2,0,0,0,0,0,0,0,26,0,19,58,0,0,28,0,0,12,0,23,28,28,5,52,0,0,0,42,14,0,14,44,0,7,0,Root; c__Bacilli; o__Bacillales; f__Staphylococcaceae; g__Staphylococcus; s__
otu_75,36,19,26,5,0,0,0,33,0,0,21,33,0,0,0,0,0,20,33,0,0,33,0,47,20,0,0,0,1,0,13,0,0,24,32,10,0,37,0,0,0,0,0,77,23,33,0,10,4,42,0,0,0,0,8,0,0,10,51,20,0,0,10,10,0,0,0,0,33,0,0,27,Root; c__Bacilli; o__Bacillales; f__Staphylococcaceae; g__Staphylococcus
otu_76,0,0,0,0,30,0,29,0,46,20,3,3,1,43,33,58,0,0,0,45,36,0,1,24,15,0,0,0,22,14,0,0,0,55,0,0,0,0,15,33,0,0,12,0,36,0,8,0,18,32,0,17,14,8,0,42,13,27,3,47,19,1,8,2,19,12,0,0,5,0,17,0,Root; c__Bacilli; o__Bacillales; f__Staphylococcaceae; g__Jeotgalicoccus; s__
otu_77,12,0,32,0,0,9,24,12,15,0,0,0,13,40,0,0,0,0,0,5,40,0,0,0,27,29,14,29,0,0,0,0,1,26,0,57,8,44,0,36,0,30,32,0,1,39,0,12,0,0,0,0,0,0,0,0,0,0,0,16,0,0,17,26,38,0,22,0,0,0,9,0,Root; c__Bacilli; o__Bacillales; f__Planococcaceae; g__Lysinibacillus; s__
otu_78,34,0,23,0,42,3,36,0,0,34,0,0,0,35,0,19,0,33,0,17,41,46,31,0,0,0,0,0,18,0,21,7,0,0,0,12,8,0,0,0,0,0,0,0,27,0,5,0,6,4,0,0,16,0,0,17,0,0,0,16,0,35,0,0,0,0,0,43,29,0,0,4,Root; c__Bacilli; o__Bacillales; f__Planococcaceae; g__; s__
otu_79,0,37,15,15,0,19,0,28,0,2,0,25,22,0,0,0,0,28,10,0,0,7,22,0,38,22,23,13,0,0,0,0,3,0,4,6,0,0,45,1,37,0,7,25,54,25,0,0,0,15,0,39,1,0,53,0,21,0,24,0,0,24,4,0,2,0,0,0,0,1,0,0,Root; c__Bacilli; o__Bacillales; f__Paenibacillaceae; g__Paenibacillus; s__Paenibacilluschondroitinus
otu_80,0,33,24,29,10,0,0,6,0,0,0,12,23,0,0,15,8,36,0,0,7,16,18,0,19,4,3,0,6,0,35,47,7,0,0,17,0,38,22,21,0,0,27,0,18,21,1,0,0,0,0,29,0,0,5,0,0,0,8,30,0,0,0,29,55,0,20,1,0,0,1,0,Root; c__Bacilli; o__Bacillales; f__Paenibacillaceae; g__Brevibacillus; s__Brevibacillusthermoruber
otu_81,0,0,0,0,14,17,0,0,0,33,58,0,44,0,34,16,58,39,18,0,35,0,0,19,29,0,20,19,0,7,0,22,0,0,12,18,0,15,0,0,0,0,21,3,0,0,9,19,22,3,3,0,46,16,0,0,48,17,23,10,5,6,0,0,0,13,0,10,6,43,0,39,Root; c__Bacilli; o__Bacillales; f__Bacillaceae; g__Oceanobacillus
otu_82,32,0,23,11,35,0,52,0,0,28,13,0,0,0,26,0,4,19,15,33,19,0,0,9,42,0,1,0,0,0,55,39,77,38,41,0,0,0,18,0,27,0,39,79,0,0,21,0,2,0,0,0,15,1,16,6,0,39,0,4,0,0,0,0,33,17,0,0,36,0,0,32,Root; c__Bacilli; o__Bacillales; f__Bacillaceae; g__Bacillus; s__
otu_83,21,0,32,0,0,0,0,0,29,0,80,65,10,0,0,0,0,11,0,41,0,16,0,0,75,31,0,10,58,0,8,0,8,82,0,40,13,0,7,41,61,24,0,14,0,3,48,89,0,5,0,0,0,57,76,0,6,15,0,51,0,0,0,52,18,12,9,0,0,0,7,16,Root; c__Bacilli; o__Bacillales
otu_84,53,33,0,0,14,21,9,11,34,0,18,11,10,21,6,35,0,0,0,41,0,0,0,7,11,50,31,0,0,0,0,25,0,47,3,3,0,2,0,0,7,0,0,0,3,0,39,0,31,22,12,0,0,24,0,0,34,0,0,0,0,2,0,0,0,0,41,33,0,8,0,0,Root; c__Alphaproteobacteria; o__Sphingomonadales; f__Sphingomonadaceae; g__Sphingomonas; s__
otu_85,0,0,0,0,17,0,0,0,0,13,30,14,15,4,0,0,52,24,25,23,2,0,11,10,16,12,0,0,0,0,24,20,9,0,0,0,0,10,11,17,0,61,43,39,0,0,0,0,21,0,0,5,16,2,0,0,58,0,0,14,0,0,40,0,0,0,41,50,21,13,0,0,Root; c__Alphaproteobacteria; o__Sphingomonadales; f__Sphingomonadaceae; g__Sphingomonas; s__
otu_86,22,30,32,0,0,23,63,11,0,48,56,24,30,27,0,0,0,0,0,24,0,13,0,0,0,12,0,0,0,7,0,0,0,3,0,0,14,0,8,0,0,9,14,31,0,0,0,0,26,20,8,0,0,27,2,0,4,44,0,26,0,4,0,0,0,0,0,19,0,13,0,0,Root; c__Alphaproteobacteria; o__Sphingomonadales; f__Sphingomonadaceae; g__Sphingomonas; s__
otu_87,2,0,0,0,18,19,1,0,49,0,15,0,13,0,0,0,0,22,24,39,0,0,10,0,23,0,16,9,0,0,0,30,0,0,0,31,0,0,0,19,2,0,0,0,9,0,10,42,0,2,2,11,0,0,34,42,0,37,0,0,0,13,27,4,24,0,0,0,8,4,24,31,Root; c__Alphaproteobacteria; o__Sphingomonadales; f__Sphingomonadaceae; g__Novosphingobium; s__
otu_88,14,6,22,9,5,0,12,42,17,22,0,21,0,0,40,5,51,0,0,0,0,61,16,63,0,11,31,0,0,7,0,0,0,3,0,25,0,0,37,1,14,0,27,0,0,0,28,0,2,0,0,46,0,0,45,3,0,28,9,0,0,0,0,0,0,0,35,17,18,0,0,37,Root; c__Alphaproteobacteria; o__Sphingomonadales
otu_89,0,18,0,0,28,16,39,24,0,12,18,0,0,0,0,0,0,0,27,0,7,25,0,0,8,21,10,0,0,0,38,0,0,20,51,0,21,13,0,31,29,0,1,9,14,25,22,0,12,24,0,8,54,0,0,16,0,0,0,55,0,0,2,43,35,8,0,0,0,0,34,14,Root; c__Alphaproteobacteria; o__Rickettsiales; f__Rickettsiaceae; g__Wolbachia; s__
otu_90,25,0,58,0,0,82,35,37,58,23,93,80,74,0,53,2,32,109,0,21,0,2,0,24,23,172,76,0,92,0,0,35,0,27,38,0,0,5,52,0,0,80,0,54,275,0,0,220,38,0,0,318,0,8,4,22,29,0,0,0,6,2,7,56,0,0,81,36,0,0,39,18,Root; c__Alphaproteobacteria; o__Rickettsiales; f__Rickettsiaceae; g__Wolbachia; s__
otu_91,5,0,82,0,25,0,53,0,12,11,0,29,0,1,56,37,0,8,26,0,31,1,62,3,15,0,10,0,14,0,30,0,0,0,0,0,8,0,0,43,43,0,18,26,0,29,0,0,0,45,0,16,0,0,3,29,19,0,25,0,37,0,14,53,35,0,0,0,24,0,19,0,Root; c__Alphaproteobacteria; o__Rickettsiales; f__Rickettsiaceae; g__Wolbachia; s__
otu_92,34,0,0,0,0,0,10,0,36,8,0,43,17,1,18,1,6,47,0,11,24,44,27,22,0,23,0,0,0,19,10,0,7,0,0,0,9,0,10,0,0,21,0,28,9,0,37,2,0,0,0,0,21,41,32,47,3,0,0,0,13,0,0,0,0,20,0,9,14,0,0,4,Root; c__Alphaproteobacteria; o__Rickettsiales; f__Rickettsiaceae; g__Wolbachia; s__
otu_93,0,28,305,0,0,714,405,21,23,0,39,0,19,13,50,292,954,10,0,0,820,484,0,0,24,505,0,570,0,418,542,0,625,1109,792,0,0,0,607,0,636,22,8,396,17,13,0,5,0,0,743,0,0,47,4,0,0,1081,13,632,40,0,0,0,569,29,698,53,0,616,281,0,Root; c__Alphaproteobacteria; o__Rickettsiales; f__Rickettsiaceae; g__Wolbachia; s__
otu_94,19,2,2,23,47,44,17,14,0,0,46,17,30,12,0,24,0,0,0,22,0,59,21,0,0,0,0,0,0,9,0,22,0,9,0,0,0,0,21,14,26,0,0,33,48,42,0,19,39,0,0,0,0,28,2,0,19,41,0,27,0,4,32,29,0,18,0,0,14,0,16,10,Root; c__Alphaproteobacteria; o__Rickettsiales; f__Rickettsiaceae; g__Wolbachia; s__
otu_95,0,9,0,19,0,148,0,0,2,7,12,139,0,0,41,10,79,0,0,21,0,0,46,0,0,0,42,28,83,54,0,460,0,0,22,147,143,9,0,215,25,0,0,0,35,33,0,0,38,0,0,0,41,61,0,0,0,207,0,0,0,19,32,4,89,0,113,44,78,2,28,0,Root; c__Alphaproteobacteria; o__Rickettsiales; f__Rickettsiaceae; g__Wolbachia; s__
otu_96,0,0,0,23,0,29,41,0,0,0,0,10,0,0,2,0,0,39,0,0,36,11,0,26,48,0,0,29,24,0,37,30,0,49,36,1,0,46,40,35,15,0,18,6,0,20,0,28,20,22,9,3,11,32,0,0,0,0,0,2,0,0,0,0,19,0,0,0,0,27,25,8,Root; c__Alphaproteobacteria; o__Rickettsiales; f__Rickettsiaceae; g__Wolbachia; s__
otu_97,0,32,0,0,0,0,37,0,16,0,19,21,23,3,28,56,33,0,0,0,0,0,0,18,15,0,7,27,13,0,37,18,14,0,4,0,0,56,0,0,33,35,0,0,9,10,5,44,4,0,18,0,7,33,0,8,0,36,0,2,35,1,36,45,23,30,54,0,17,5,24,0,Root; c__Alphaproteobacteria; o__Rickettsiales; f__Rickettsiaceae; g__Wolbachia; s__
otu_98,23,20,0,17,0,12,40,1,0,0,0,1,0,56,15,0,2,28,24,0,19,0,0,55,0,42,0,0,45,0,10,0,2,46,0,0,0,18,0,28,45,33,30,5,9,34,38,21,35,0,0,27,9,44,62,0,0,47,0,7,0,0,0,0,0,0,2,8,26,0,3,49,Root; c__Alphaproteobacteria; o__Rickettsiales; f__Rickettsiaceae; g__Wolbachia; s__
otu_99,18,70,0,0,9,2,0,0,0,37,0,24,21,12,23,0,0,3,57,0,0,5,5,0,54,2,0,0,19,0,9,3,0,27,0,0,16,0,0,57,9,12,44,0,52,44,11,0,0,20,8,0,0,58,8,28,60,0,0,27,0,26,15,28,0,19,55,9,20,0,18,0,Root; c__Alphaproteobacteria; o__Rickettsiales; f__Rickettsiaceae; g__Wolbachia; s__
otu_100,26,2,1,0,0,0,33,29,0,0,0,9,6,49,0,5,0,0,1,21,0,1,0,0,1,0,0,0,28,4,0,2,0,0,1,67,36,23,56,0,0,0,33,0,22,33,14,31,0,0,20,0,36,29,18,36,0,15,9,20,0,0,0,0,16,13,51,0,27,0,18,0,Root; c__Alphaproteobacteria; o__Rickettsiales; f__Rickettsiaceae; g__Wolbachia; s__
otu_101,16,27,0,0,39,0,6,38,12,7,30,38,0,3,0,0,6,0,0,0,16,3,0,0,0,0,0,21,0,48,0,0,9,0,9,0,0,0,0,60,0,0,5,0,26,0,0,47,17,15,0,18,0,0,39,13,23,2,0,0,14,0,44,0,0,0,0,0,0,0,34,45,Root; c__Alphaproteobacteria; o__Rickettsiales; f__Rickettsiaceae; g__Wolbachia; s__
otu_102,17,0,2,6,0,0,0,0,0,21,0,0,19,26,0,0,0,0,0,4,0,9,1,0,0,40,0,0,11,1,0,9,0,0,14,0,58,0,22,0,5,0,0,0,11,6,0,2,47,0,13,0,0,0,31,0,17,0,0,7,16,0,0,4,25,0,3,6,20,18,0,5,Root; c__Alphaproteobacteria; o__Rhodospirillales; f__Rhodospirillaceae; g__; s__
otu_103,7,23,12,0,18,59,6,0,0,0,65,0,0,0,0,21,0,2,13,0,61,0,0,0,0,2,0,14,24,0,0,0,23,0,0,36,0,51,0,28,0,0,0,15,0,0,15,15,0,0,0,0,5,31,0,0,3,7,12,0,9,0,17,9,0,8,16,23,0,0,9,43,Root; c__Alphaproteobacteria; o__Rhodospirillales; f__Acetobacteraceae; g__Gluconobacter
otu_104,0,28,35,0,46,36,0,0,25,16,0,0,3,18,18,16,0,0,0,7,15,0,39,0,0,0,0,0,50,1,0,44,0,1,8,0,0,0,0,56,47,21,13,39,33,0,3,0,13,0,34,6,0,0,11,3,25,0,0,15,7,32,24,21,28,0,44,13,3,61,39,27,Root; c__Alphaproteobacteria; o__Rhodospirillales; f__Acetobacteraceae; g__Gluconobacter
otu_105,29,21,0,15,4,21,17,17,0,0,13,11,0,0,12,0,2,0,0,0,17,9,24,5,0,47,0,0,7,28,0,0,11,0,0,0,22,9,19,11,0,23,0,54,0,8,33,0,4,0,0,0,0,23,1,0,0,0,0,12,15,0,0,0,17,23,0,32,14,7,15,0,Root; c__Alphaproteobacteria; o__Rhodospirillales; f__Acetobacteraceae; g__Gluconobacter
otu_106,0,0,0,33,0,28,0,24,0,6,0,0,23,0,47,0,13,6,0,28,12,38,19,0,0,42,7,25,59,43,49,0,0,65,21,0,0,25,0,64,69,13,1,11,15,0,22,0,9,0,0,4,10,7,18,0,11,0,5,34,24,59,0,34,0,0,0,49,70,0,36,0,Root; c__Alphaproteobacteria; o__Rhodospirillales; f__Acetobacteraceae; g__Gluconacetobacter
otu_107,22,14,0,18,42,25,67,0,2,0,25,22,0,0,0,0,30,26,17,0,23,0,0,1,0,31,6,35,0,0,6,0,0,4,5,28,20,0,23,7,0,51,0,35,21,0,10,0,14,7,18,16,46,32,22,0,0,12,8,0,0,36,0,0,0,0,0,0,0,0,0,0,Root; c__Alphaproteobacteria; o__Rhodospirillales; f__Acetobacteraceae; g__Gluconacetobacter
otu_108,10,29,4,0,0,2,0,14,0,30,0,60,0,0,12,15,0,0,0,0,0,17,0,0,38,16,12,0,14,0,9,0,0,0,0,0,11,0,0,0,0,0,0,0,0,7,0,0,21,0,0,7,53,0,0,0,0,0,0,0,13,1,24,0,54,3,0,0,0,0,43,1,Root; c__Alphaproteobacteria; o__Rhodospirillales; f__Acetobacteraceae; g__Gluconacetobacter
otu_109,9,0,1,29,22,0,15,0,15,34,0,11,2,57,25,0,16,0,0,0,23,1,24,0,13,10,0,0,25,15,25,0,0,0,0,0,0,0,0,0,0,0,0,0,50,0,11,48,0,9,10,0,0,0,0,0,0,14,48,0,0,0,43,0,19,4,0,15,29,36,3,14,Root; c__Alphaproteobacteria; o__Rhodospirillales; f__Acetobacteraceae; g__Gluconacetobacter
otu_110,0,0,0,13,0,0,0,0,47,0,0,0,0,0,0,0,0,0,0,0,815,0,1039,587,21,662,369,749,1422,426,690,1805,0,0,881,1782,0,0,0,0,0,22,0,0,0,52,0,6,0,336,0,12,28,0,0,52,0,0,40,0,9,0,0,967,650,11,0,0,823,0,0,29,Root; c__Alphaproteobacteria; o__Rhodospirillales; f__Acetobacteraceae; g__Gluconacetobacter
otu_111,0,0,0,47,37,0,34,0,0,17,0,5,5,3,0,0,0,28,0,11,0,50,0,26,0,7,0,0,0,0,0,0,0,0,0,29,32,0,0,0,33,0,43,0,0,0,0,0,9,13,25,4,11,14,28,14,10,0,28,0,0,0,0,0,40,0,15,36,0,19,39,0,Root; c__Alphaproteobacteria; o__Rhodospirillales; f__Acetobacteraceae; g__Acidocella; s__
otu_112,4,0,0,0,28,40,0,0,0,7,0,20,0,8,21,0,3,40,41,21,0,0,2,8,2,10,36,13,0,0,11,18,0,17,0,50,54,30,22,41,1,39,29,2,42,4,21,0,15,10,0,0,17,0,10,30,0,57,0,0,15,59,0,0,0,0,0,24,0,30,0,15,Root; c__Alphaproteobacteria; o__Rhodospirillales; f__Acetobacteraceae; g__Acetobacter; s__
otu_113,0,0,0,0,2,8,0,0,0,0,27,28,2,0,36,24,19,0,0,15,10,19,0,54,37,33,54,0,0,18,4,0,23,0,0,0,7,0,42,14,46,0,0,0,28,0,0,58,2,47,0,0,0,0,0,18,0,0,8,0,0,0,37,0,0,0,19,0,8,14,0,37,Root; c__Alphaproteobacteria; o__Rhodospirillales; f__Acetobacteraceae; g__Acetobacter; s__
otu_114,17,268,305,0,0,14,0,0,0,0,0,32,0,66,0,0,0,0,455,206,0,250,0,41,0,1,0,0,0,45,0,17,0,0,0,0,0,12,0,0,0,7,0,6,18,0,0,0,0,3,20,0,7,25,0,8,0,11,37,43,0,15,0,0,0,0,0,49,22,0,18,0,Root; c__Alphaproteobacteria; o__Rhodospirillales; f__Acetobacteraceae; g__Acetobacter; s__
otu_115,0,13,10,0,0,1,6,0,15,56,15,45,37,0,0,0,0,0,0,0,0,8,32,0,0,28,11,0,0,11,52,21,8,11,0,21,14,0,0,0,26,0,41,9,6,3,0,0,49,19,17,0,33,0,0,0,0,0,49,3,0,0,12,4,0,0,0,0,29,0,0,0,Root; c__Alphaproteobacteria; o__Rhodospirillales; f__Acetobacteraceae; g__Acetobacter; s__
otu_116,0,0,0,0,29,46,17,15,0,0,3,20,60,0,0,0,15,20,0,41,0,0,37,4,4,2,0,30,24,0,0,24,32,0,0,21,45,26,0,0,36,44,2,0,0,0,47,3,66,0,15,4,0,0,0,0,0,0,0,0,31,3,0,30,27,0,0,3,45,9,45,14,Root; c__Alphaproteobacteria; o__Rhodospirillales; f__Acetobacteraceae; g__Acetobacter; s__
otu_117,43,0,0,20,0,0,32,3,0,0,0,2,0,32,8,52,0,0,37,7,0,6,0,41,44,0,0,0,15,27,0,29,44,44,0,2,21,7,22,43,40,3,25,6,0,0,0,0,41,47,23,0,13,6,29,0,32,0,0,0,0,0,0,8,14,0,5,3,0,0,17,0,Root; c__Alphaproteobacteria; o__Rhodospirillales; f__Acetobacteraceae; g__Acetobacter; s__
otu_118,33,0,12,51,0,0,0,42,0,16,29,0,0,4,53,0,32,0,0,7,0,0,46,0,0,32,0,0,0,5,0,3,0,34,0,6,4,33,0,0,26,25,13,32,0,12,0,8,0,0,6,0,11,0,28,0,0,21,0,0,9,0,53,0,40,0,3,12,0,0,36,0,Root; c__Alphaproteobacteria; o__Rhodospirillales; f__Acetobacteraceae; g__Acetobacter; s__
otu_119,0,0,0,0,2,0,34,35,0,57,0,22,0,57,2,44,29,0,0,13,62,13,0,41,18,0,31,49,0,0,16,19,0,0,0,0,0,0,0,1,42,19,0,52,0,0,0,0,0,0,0,15,0,24,0,0,6,0,0,9,34,30,5,5,0,24,0,0,3,10,4,5,Root; c__Alphaproteobacteria; o__Rhodospirillales; f__Acetobacteraceae; g__Acetobacter; s__
otu_120,1737,449,0,8,1899,49,51,0,4564,327,0,45,0,0,0,22,0,0,91,29,0,227,0,0,0,0,57,0,630,0,0,0,159,0,226,429,427,0,0,0,126,6020,0,9979,0,0,207,949,7854,0,0,73,3418,1481,37,136,0,0,2656,0,644,36,0,9,49,0,0,0,57,384,304,0,Root; c__Alphaproteobacteria; o__Rhodospirillales; f__Acetobacteraceae; g__Acetobacter; s__
otu_121,0,0,35,0,25,18,0,0,9,40,44,48,0,0,0,0,8,0,13,0,0,33,0,0,40,26,0,0,0,13,0,0,0,0,63,0,41,57,0,68,0,0,2,13,23,21,0,0,0,0,0,3,31,17,2,41,20,0,0,0,0,8,46,0,0,0,0,0,52,15,0,34,Root; c__Alphaproteobacteria; o__Rhodospirillales; f__Acetobacteraceae; g__Acetobacter; s__
otu_122,2,15,0,15,0,16,0,0,0,0,24,31,23,0,0,22,49,0,0,37,17,29,0,18,20,12,21,7,4,0,0,0,0,21,0,17,16,35,16,12,23,3,0,34,0,0,0,0,21,14,26,11,36,50,42,0,0,48,13,25,0,0,3,5,0,0,0,0,0,0,22,0,Root; c__Alphaproteobacteria; o__Rhodospirillales; f__Acetobacteraceae; g__Acetobacter; s__
otu_123,11,0,0,38,46,0,0,0,0,0,5,30,0,11,0,21,0,5,0,11,0,0,46,42,0,0,71,0,300,0,138,21,30,0,0,23,24,0,26,19,468,0,41,0,0,0,0,0,30,25,42,673,0,0,32,13,14,7,10,0,0,0,25,39,12,2,0,32,0,99,175,26,Root; c__Alphaproteobacteria; o__Rhodospirillales; f__Acetobacteraceae; g__Acetobacter; s__
otu_124,0,12,0,63,41,0,35,0,13,0,0,0,0,0,0,0,6,0,10,36,0,45,0,1,49,0,0,21,0,30,11,11,0,0,23,0,20,0,42,6,0,0,8,19,0,0,29,12,0,0,0,0,0,14,0,5,7,0,27,0,0,31,1,7,5,20,0,0,0,35,0,7,Root; c__Alphaproteobacteria; o__Rhodospirillales; f__Acetobacteraceae; g__Acetobacter; s__
otu_125,15,0,0,0,11,0,39,0,0,0,4,0,43,5,0,0,0,28,0,16,31,26,0,0,46,0,16,0,0,0,1,29,6,0,0,0,0,26,15,0,0,0,0,28,0,16,0,9,21,0,28,0,35,1,0,39,53,4,26,0,0,0,40,8,38,0,31,0,33,0,0,24,Root; c__Alphaproteobacteria; o__Rhodospirillales; f__Acetobacteraceae; g__Acetobacter; s__
otu_126,43,16,0,29,6,0,36,0,51,0,21,9,43,0,0,0,0,6,21,0,14,38,10,0,0,0,0,0,0,0,18,0,0,0,24,0,33,12,0,17,0,0,14,2,0,0,0,0,0,62,27,0,0,0,56,6,16,0,11,0,0,0,27,0,0,54,49,9,28,6,10,25,Root; c__Alphaproteobacteria; o__Rhodospirillales; f__Acetobacteraceae; g__Acetobacter; s__
otu_127,31,19,44,0,0,0,0,1,10,0,20,35,0,0,0,0,41,0,0,0,8,0,18,0,0,0,33,0,33,23,33,0,0,15,0,0,0,0,31,45,6,12,0,8,5,0,0,51,5,22,29,28,0,0,0,0,0,8,39,6,35,0,0,11,31,43,26,18,53,0,0,37,Root; c__Alphaproteobacteria; o__Rhodospirillales; f__Acetobacteraceae; g__Acetobacter; s__
otu_128,33,28,1,0,27,0,19,0,0,29,0,2,0,13,0,1,0,9,13,14,0,12,55,0,0,0,0,0,46,0,40,0,0,0,0,0,6,15,12,0,21,35,0,11,16,3,0,0,0,0,0,0,13,0,38,16,42,0,26,52,16,22,49,0,0,0,0,0,0,0,0,0,Root; c__Alphaproteobacteria; o__Rhodospirillales; f__Acetobacteraceae; g__Acetobacter; s__
otu_129,0,26,0,12,0,0,0,32,0,0,0,9,5,0,0,19,0,0,0,6,13,4,38,0,24,0,6,0,0,0,0,0,0,0,50,0,0,0,7,0,1,0,32,0,0,7,15,0,11,0,1,0,49,0,0,49,61,0,32,0,0,26,1,0,0,0,2,0,2,0,43,45,Root; c__Alphaproteobacteria; o__Rhodospirillales; f__Acetobacteraceae; g__Acetobacter
otu_130,24,8,60,44,0,25,0,21,40,6,0,21,21,0,32,0,6,13,0,31,27,0,0,0,0,0,0,6,5,25,0,6,0,5,0,16,0,0,0,0,20,5,0,0,3,0,4,0,21,0,0,25,0,38,1,4,28,0,18,0,0,6,55,0,0,12,42,22,0,0,15,0,Root; c__Alphaproteobacteria; o__Rhodospirillales; f__Acetobacteraceae; g__Acetobacter
otu_131,24,0,0,0,9,9,39,53,0,25,40,21,0,32,25,29,0,0,11,0,41,0,25,18,0,29,27,0,0,0,1,0,0,48,0,1,12,0,0,9,0,0,0,0,0,0,0,0,0,0,0,0,0,18,35,0,36,9,14,2,0,0,17,0,1,35,32,0,11,0,0,14,Root; c__Alphaproteobacteria; o__Rhodospirillales; f__Acetobacteraceae; g__Acetobacter
otu_132,0,0,0,13,0,17,4,6,0,27,16,0,21,10,22,0,0,28,0,51,33,3,0,0,0,0,4,16,0,4,0,0,0,31,13,7,2,9,0,0,0,48,17,30,27,48,0,35,0,0,45,7,0,0,0,41,42,0,0,8,0,0,0,23,8,0,19,0,15,0,34,18,Root; c__Alphaproteobacteria; o__Rhodospirillales; f__Acetobacteraceae; g__Acetobacter
otu_133,0,32,0,0,0,43,40,0,0,0,0,19,0,0,0,10,0,43,30,0,0,12,0,0,0,2,0,0,2,0,0,22,0,0,26,13,6,0,0,24,48,0,5,0,0,7,0,0,0,31,60,0,0,0,0,0,0,11,8,0,2,12,34,15,17,0,4,24,0,19,11,0,Root; c__Alphaproteobacteria; o__Rhodospirillales; f__Acetobacteraceae; g__Acetobacter
otu_134,0,0,23,18,0,12,55,16,0,0,17,0,23,0,16,8,1,28,22,30,2,34,38,37,0,53,0,0,3,10,26,0,9,16,0,13,11,0,0,0,0,2,1,0,4,57,5,38,0,0,0,33,4,0,24,1,0,0,12,38,0,37,14,8,0,0,30,40,37,0,47,0,Root; c__Alphaproteobacteria; o__Rhodospirillales; f__Acetobacteraceae; g__Acetobacter
otu_135,0,1,35,43,0,28,11,0,10,0,0,16,0,0,24,8,40,0,9,15,41,9,0,37,0,6,20,0,0,0,21,5,0,0,10,61,29,0,0,0,43,0,2,0,40,0,0,21,0,0,11,0,7,0,0,12,0,34,0,0,0,2,0,37,0,0,0,0,15,0,58,0,Root; c__Alphaproteobacteria; o__Rhodospirillales; f__Acetobacteraceae
otu_136,54,53,0,39,0,0,16,28,0,0,5,0,0,32,1,66,18,71,0,0,3,0,47,52,0,48,0,27,15,0,38,48,0,5,0,59,1,0,21,0,55,46,18,0,0,0,0,0,22,48,0,3,5,2,29,36,0,14,14,52,0,0,14,20,28,19,9,16,7,0,43,9,Root; c__Alphaproteobacteria; o__Rhodospirillales; f__Acetobacteraceae
otu_137,0,21,61,0,0,0,30,0,0,19,10,9,1,0,8,0,0,0,44,0,0,0,62,2,4,16,0,0,21,26,12,0,0,16,0,0,39,0,0,0,0,0,16,0,0,0,23,15,0,31,0,0,0,19,25,0,8,0,3,16,0,21,0,0,29,25,0,0,0,0,5,0,Root; c__Alphaproteobacteria; o__Rhodobacterales; f__Rhodobacteraceae; g__Paracoccus; s__Paracoccusmarcusii
otu_138,29,22,0,0,1,0,1,35,52,0,5,0,0,0,0,45,0,0,0,0,0,0,13,0,8,0,24,51,0,0,54,13,25,13,7,57,16,0,37,0,10,0,19,35,46,19,18,13,0,38,0,4,0,5,0,0,0,0,0,0,25,0,0,0,0,5,0,0,51,31,0,0,Root; c__Alphaproteobacteria; o__Rhodobacterales; f__Rhodobacteraceae; g__Paracoccus; s__
otu_139,0,0,0,0,17,42,4,18,45,0,19,0,5,43,0,54,0,10,0,21,32,0,12,0,0,68,1,33,0,0,0,0,42,0,58,0,0,0,0,0,0,0,25,0,0,0,44,44,27,15,4,34,15,19,12,25,37,0,18,2,49,0,17,48,30,12,0,0,0,5,35,0,Root; c__Alphaproteobacteria; o__Rhodobacterales; f__Rhodobacteraceae
otu_140,0,17,34,0,1,55,29,19,14,0,1,0,7,44,0,45,8,32,0,0,50,0,57,0,22,0,0,18,13,0,46,21,19,0,12,12,0,0,25,11,16,0,0,4,0,0,46,0,34,0,0,38,0,49,35,25,26,0,0,0,4,0,0,0,41,2,0,47,0,0,0,0,Root; c__Alphaproteobacteria; o__Rhizobiales; f__Rhizobiaceae; g__Agrobacterium; s__Agrobacteriumlarrymoorei
otu_141,0,0,0,8,37,36,5,0,36,0,36,12,19,0,0,0,0,22,3,0,0,1,0,9,2,0,15,0,5,4,20,0,0,14,0,51,6,0,0,0,0,0,43,11,19,25,0,15,23,15,12,0,0,0,13,14,0,0,0,25,0,33,0,0,10,8,0,0,3,0,8,13,Root; c__Alphaproteobacteria; o__Rhizobiales; f__Rhizobiaceae; g__Agrobacterium; s__
otu_142,46,38,0,0,9,0,0,0,0,0,34,0,22,10,11,36,2,15,0,0,0,24,0,0,0,0,23,0,21,0,0,34,7,11,0,19,6,48,0,64,53,0,0,38,15,0,20,0,2,6,48,15,40,0,0,14,0,0,22,1,50,7,0,0,2,57,0,21,0,10,9,0,Root; c__Alphaproteobacteria; o__Rhizobiales; f__Phyllobacteriaceae; g__Mesorhizobium; s__
otu_143,60,31,0,0,27,21,44,37,0,21,0,0,11,0,0,15,23,15,12,7,22,0,0,0,0,3,4,0,0,0,28,0,13,0,3,39,40,0,0,0,0,21,0,6,0,0,49,48,0,0,9,28,0,0,0,0,0,34,0,0,6,11,47,0,0,0,0,0,0,20,9,0,Root; c__Alphaproteobacteria; o__Rhizobiales; f__Methylobacteriaceae; g__Methylobacterium; s__Methylobacteriumradiotolerans
otu_144,17,0,1,0,29,0,0,0,27,0,8,0,23,0,22,15,16,0,0,0,0,7,0,28,0,0,46,15,0,0,37,0,0,0,0,0,20,13,10,21,0,0,0,34,1,17,0,0,0,18,40,43,2,42,27,0,34,0,0,7,0,5,26,55,0,0,11,0,45,14,0,0,Root; c__Alphaproteobacteria; o__Rhizobiales; f__Methylobacteriaceae; g__Methylobacterium; s__Methylobacteriumadhaesivum
otu_145,0,8,0,0,31,0,32,8,0,0,0,22,34,6,0,0,0,55,0,14,0,10,1,0,0,0,15,0,0,15,0,22,11,18,27,3,0,12,7,0,0,0,28,25,12,0,8,27,1,0,0,0,8,0,33,38,0,23,0,0,3,0,0,11,24,0,17,0,0,0,18,0,Root; c__Alphaproteobacteria; o__Rhizobiales; f__Methylobacteriaceae; g__Methylobacterium; s__
otu_146,38,56,0,0,17,47,0,0,16,20,14,0,32,4,0,0,31,0,0,0,13,0,0,0,61,0,36,9,0,1,0,0,0,26,0,30,13,0,0,29,0,0,47,0,0,0,20,0,47,28,0,3,2,30,28,11,0,46,11,0,0,0,0,19,0,24,33,0,0,30,20,0,Root; c__Alphaproteobacteria; o__Rhizobiales; f__Brucellaceae; g__Ochrobactrum; s__
otu_147,0,29,22,0,0,6,9,8,0,0,0,20,0,16,0,46,0,24,0,0,29,28,0,1,2,0,1,0,0,0,15,0,0,0,15,9,26,34,7,0,0,19,0,0,34,0,0,45,0,5,0,10,0,5,14,0,31,0,30,63,11,0,0,0,0,3,23,0,32,53,0,0,Root; c__Alphaproteobacteria; o__Rhizobiales; f__Brucellaceae; g__Ochrobactrum; s__
otu_148,0,7,0,0,0,41,0,63,59,0,28,0,27,0,0,20,13,0,0,0,0,64,35,39,8,29,0,34,17,13,0,0,0,21,20,0,24,8,0,0,32,0,0,0,23,14,59,43,0,16,0,0,0,21,0,45,15,3,36,0,6,9,22,38,36,0,38,0,17,0,0,12,Root; c__Alphaproteobacteria; o__Rhizobiales; f__Brucellaceae; g__Ochrobactrum; s__
otu_149,0,7,3,0,0,31,6,14,35,0,0,31,30,0,26,38,0,0,31,0,0,0,0,66,0,0,0,0,49,37,0,0,48,0,0,0,0,53,39,0,3,18,0,0,0,17,0,0,29,60,7,0,7,0,0,21,0,3,0,0,0,16,52,0,42,0,0,0,0,0,0,15,Root; c__Alphaproteobacteria; o__Rhizobiales; f__Bradyrhizobiaceae; g__Afipia
otu_150,28,6,22,0,0,32,0,21,11,0,5,27,0,0,43,0,29,0,0,0,0,0,0,0,0,0,0,12,0,0,0,5,27,0,19,16,0,0,1,0,34,0,20,0,15,56,17,0,0,0,34,0,0,0,0,7,11,0,14,0,0,18,25,0,3,0,0,59,0,0,0,45,Root; c__Alphaproteobacteria; o__Rhizobiales; f__Bradyrhizobiaceae
otu_151,0,145,16,17,114,31,9,85,68,2,0,0,0,128,0,0,1,140,0,0,0,74,8,63,3,44,0,26,0,0,11,6,0,0,0,0,0,0,2,0,0,0,29,0,27,20,1,53,31,0,0,3,0,0,17,0,6,0,0,0,1,42,0,11,0,0,35,0,48,0,57,0,Root; c__Alphaproteobacteria; o__Rhizobiales
otu_152,5,0,0,48,0,0,6,6,8,0,0,24,62,0,4,0,17,0,0,30,0,22,0,29,0,0,31,24,0,4,0,0,0,0,13,13,21,4,0,24,0,0,0,37,0,17,2,16,0,0,38,17,0,53,0,34,0,0,0,7,18,0,11,0,13,0,0,0,15,0,8,33,Root; c__Alphaproteobacteria; o__Caulobacterales; f__Caulobacteraceae; g__Mycoplana; s__
otu_153,23,0,0,0,0,17,3,14,0,0,29,13,0,37,48,0,17,24,0,37,47,11,0,0,0,0,0,23,0,13,0,0,32,48,47,21,28,0,0,0,4,13,0,43,0,0,31,54,0,0,0,24,0,0,0,0,3,0,0,0,0,0,22,0,0,0,0,10,0,46,9,0,Root; c__Alphaproteobacteria; o__Caulobacterales; f__Caulobacteraceae; g__Caulobacter; s__
otu_154,0,0,50,0,28,34,61,0,0,0,0,13,36,0,0,22,16,0,0,0,12,0,28,34,36,0,21,0,0,0,0,39,0,0,0,4,22,5,8,0,0,11,2,0,21,15,69,28,0,16,0,0,43,5,10,0,0,22,4,0,0,0,0,25,37,0,17,38,21,10,0,10,Root; c__Alphaproteobacteria; o__Caulobacterales; f__Caulobacteraceae; g__; s__
otu_155,0,7,6,25,0,0,0,17,0,31,3,0,0,0,0,16,0,0,69,0,23,0,47,0,9,14,0,0,0,0,0,83,35,0,0,0,0,37,0,0,31,0,0,9,34,0,0,27,0,4,0,16,0,0,14,0,0,8,0,30,0,71,0,3,38,0,0,16,36,19,0,0,Root; c__Actinobacteria; o__Solirubrobacterales; f__Patulibacteraceae; g__; s__
otu_156,0,420,454,3971,0,0,1038,267,0,0,9705,0,4270,206,119,0,1186,499,0,3306,0,0,0,4431,4917,405,308,0,0,372,0,0,312,0,397,0,0,0,0,641,0,0,0,0,0,0,1606,3839,805,41,0,3156,0,0,0,0,2109,441,0,2425,591,1458,0,0,0,0,448,616,860,167,42,0,Root; c__Actinobacteria; o__Actinomycetales; f__Propionibacteriaceae; g__Propionibacterium; s__Propionibacteriumacnes
otu_157,51,0,33,22,39,0,23,0,0,0,9,46,0,16,4,38,3,0,0,0,0,0,0,0,14,0,0,0,0,14,0,0,0,35,0,0,53,0,0,0,0,0,20,2,6,13,52,24,15,6,7,0,6,0,38,14,0,2,0,19,0,19,0,38,27,0,9,25,0,0,0,3,Root; c__Actinobacteria; o__Actinomycetales; f__Propionibacteriaceae
otu_158,9,0,18,0,0,48,0,0,0,0,13,10,7,1,15,64,1,0,1,12,46,25,0,40,26,0,10,35,33,3,24,0,0,0,0,0,39,0,0,0,0,0,0,35,10,0,61,56,53,0,0,0,31,39,29,5,0,0,0,0,18,29,0,4,0,0,0,10,26,15,14,40,Root; c__Actinobacteria; o__Actinomycetales; f__Nocardiaceae; g__Rhodococcus; s__
otu_159,16,0,0,0,0,60,35,0,0,16,0,0,0,5,12,10,0,30,0,0,0,0,1,0,0,26,35,0,0,1,0,0,59,0,58,0,11,9,0,0,17,39,0,0,0,0,5,1,7,32,18,6,0,28,17,28,8,0,12,0,26,0,0,0,37,25,35,8,0,16,0,13,Root; c__Actinobacteria; o__Actinomycetales; f__Micrococcaceae; g__Micrococcus
otu_160,12,0,28,0,15,18,0,62,16,0,0,20,15,0,33,29,0,34,7,24,10,0,0,12,0,48,1,16,8,4,0,0,19,0,0,9,0,1,0,0,0,0,0,12,16,35,0,1,28,21,0,0,0,0,0,0,0,4,7,0,0,0,1,34,0,0,0,34,7,0,49,0,Root; c__Actinobacteria; o__Actinomycetales; f__Micrococcaceae; g__Kocuria; s__
otu_161,0,22,25,0,0,0,0,30,11,33,0,0,19,18,0,10,28,0,0,9,44,1,0,40,33,31,14,6,0,0,0,0,0,0,0,0,0,27,0,0,0,0,0,0,0,0,31,16,2,20,0,5,0,0,59,31,0,26,0,10,12,49,35,9,15,7,49,24,0,0,0,0,Root; c__Actinobacteria; o__Actinomycetales; f__Microbacteriaceae; g__Microbacterium; s__
otu_162,35,11,2,48,8,0,16,39,26,1,26,0,0,0,0,35,11,4,5,19,0,0,0,28,59,18,0,12,21,65,11,48,36,11,24,28,0,22,0,0,0,0,0,0,27,0,0,0,32,0,0,0,0,32,0,0,16,0,0,0,58,0,35,0,0,0,0,0,21,22,23,18,Root; c__Actinobacteria; o__Actinomycetales; f__Microbacteriaceae; g__Microbacterium; s__
otu_163,0,0,0,0,0,0,0,45,8,0,30,11,0,17,0,0,0,0,18,0,0,5,6,48,40,0,0,0,0,3,8,12,27,0,0,10,33,0,0,34,0,0,55,0,0,27,0,0,37,0,49,13,64,0,2,0,0,3,0,0,6,0,0,7,0,0,36,0,13,0,29,10,Root; c__Actinobacteria; o__Actinomycetales; f__Microbacteriaceae; g__Leucobacter; s__
otu_164,8,4,0,15,0,19,19,0,0,10,0,10,19,0,4,0,14,0,0,5,8,15,8,29,36,0,9,0,38,0,0,0,34,5,0,49,0,0,0,0,0,6,24,6,0,0,6,18,0,39,0,35,0,0,0,0,0,0,15,0,0,10,42,21,0,58,55,0,0,0,28,14,Root; c__Actinobacteria; o__Actinomycetales; f__Microbacteriaceae; g__Leucobacter; s__
otu_165,30,27,0,0,0,0,62,0,0,37,26,7,61,0,0,0,17,0,15,36,23,0,0,0,18,15,0,0,23,0,0,0,4,37,41,38,0,0,0,0,0,0,109,0,26,319,10,0,67,0,0,8,3,0,0,0,30,0,0,6,0,32,8,0,13,0,0,0,0,21,30,0,Root; c__Actinobacteria; o__Actinomycetales; f__Corynebacteriaceae; g__Corynebacterium; s__Corynebacteriumkroppenstedtii
otu_166,11,8188,7843,120,144,0,194,73,0,0,0,0,11,0,0,0,288,44,27,9,0,67,32,0,0,0,0,274,0,0,0,0,0,0,5,0,81,0,0,29,0,48,33,285,141,200,0,2012,0,155,0,3009,0,0,0,0,0,15,0,11,454,0,571,127,0,497,0,0,49,844,2637,16,Root; c__Actinobacteria; o__Actinomycetales; f__Corynebacteriaceae; g__Corynebacterium
otu_167,589,28,0,13,0,3,8,1461,219,35,0,4589,616,6138,0,20,16,0,12,0,0,0,200,0,0,0,26,46,0,17,0,735,3583,164,641,0,0,1949,0,297,33,0,852,0,0,0,21,0,0,4506,827,23,4,0,0,0,0,0,4,0,0,14,0,2,16,0,0,7,0,0,0,987,Root; c__Actinobacteria; o__Actinomycetales
otu_168,0,1,11,35,14,0,19,30,0,0,0,0,0,44,0,13,19,20,0,0,0,0,44,35,0,3,0,0,11,0,21,26,44,0,0,0,0,4,8,48,46,26,0,0,102,0,7,9,0,0,9,24,0,0,0,45,0,9,0,26,0,10,17,29,16,0,20,3,0,0,49,0,Root; c__4C0d-2; o__mle1-12; f__; g__; s__
otu_169,0,0,0,6,0,0,56,0,58,0,27,38,0,0,0,0,0,47,0,24,17,2,4,0,54,48,53,0,14,60,0,23,5,14,0,0,51,0,0,22,10,0,10,6,0,30,0,32,19,0,28,34,0,0,12,0,19,11,32,0,12,0,0,25,0,33,3,0,6,15,8,0,Root
otu_170,7,28,0,0,0,0,0,7,0,6,9,38,1,0,0,25,0,0,28,6,0,22,34,0,0,3,25,0,0,25,0,42,0,0,0,21,11,24,0,1,41,15,0,26,0,0,0,21,0,3,30,3,0,7,0,0,0,11,0,15,0,0,0,0,0,36,14,0,0,0,13,0,Root
otu_171,8,0,0,0,0,0,0,0,5,0,0,0,2,0,0,0,18,0,0,0,0,0,0,63,0,12,0,27,54,0,0,27,8,0,9,5,0,0,16,0,0,26,30,0,1,1,0,10,48,0,0,22,0,0,17,0,58,0,0,12,2,0,34,3,26,0,0,38,29,54,13,10,Root
